,Month,Day of The Week,Transportation Expense,Distance to Work,Age,Daily Work Load Average,Body Mass Index,Education,Children,Pets,Absenteeism Time in Hours,reason_1,reason_2,reason_3,reason_4
0,7,1,289,36,33,239.554,30,0,2,1,4,0,0,0,1
1,7,1,118,13,50,239.554,31,0,1,0,0,0,0,0,0
2,7,2,179,51,38,239.554,31,0,0,0,2,0,0,0,1
3,7,3,279,5,39,239.554,24,0,2,0,4,1,0,0,0
4,7,3,289,36,33,239.554,30,0,2,1,2,0,0,0,1
5,7,4,179,51,38,239.554,31,0,0,0,2,0,0,0,1
6,7,4,361,52,28,239.554,27,0,1,4,8,0,0,0,1
7,7,4,260,50,36,239.554,23,0,4,0,4,0,0,0,1
8,7,0,155,12,34,239.554,25,0,2,0,40,0,0,1,0
9,7,0,235,11,37,239.554,29,1,1,1,8,0,0,0,1
10,7,0,260,50,36,239.554,23,0,4,0,8,1,0,0,0
11,7,1,260,50,36,239.554,23,0,4,0,8,1,0,0,0
12,7,2,260,50,36,239.554,23,0,4,0,8,1,0,0,0
13,7,2,179,51,38,239.554,31,0,0,0,1,1,0,0,0
14,7,2,179,51,38,239.554,31,0,0,0,4,0,0,0,1
15,7,4,246,25,41,239.554,23,0,0,0,8,1,0,0,0
16,7,4,179,51,38,239.554,31,0,0,0,2,0,0,0,1
17,7,0,179,51,38,239.554,31,0,0,0,8,0,0,1,0
18,7,3,189,29,33,239.554,25,0,2,2,8,1,0,0,0
19,8,2,248,25,47,205.917,32,0,2,1,2,0,0,0,1
20,8,2,330,16,28,205.917,25,1,0,0,8,1,0,0,0
21,8,0,179,51,38,205.917,31,0,0,0,1,1,0,0,0
22,8,0,361,52,28,205.917,27,0,1,4,40,1,0,0,0
23,8,4,260,50,36,205.917,23,0,4,0,4,0,0,0,1
24,8,0,289,36,33,205.917,30,0,2,1,8,0,0,1,0
25,8,0,361,52,28,205.917,27,0,1,4,7,0,0,0,1
26,8,1,289,36,33,205.917,30,0,2,1,1,0,0,0,1
27,8,2,157,27,29,205.917,22,0,0,0,4,0,0,0,1
28,8,2,289,36,33,205.917,30,0,2,1,8,0,0,1,0
29,8,4,179,51,38,205.917,31,0,0,0,2,0,0,0,1
30,8,0,179,51,38,205.917,31,0,0,0,8,0,0,1,0
31,8,3,235,29,48,205.917,33,0,1,5,8,0,0,1,0
32,8,3,235,11,37,205.917,29,1,1,1,4,0,0,0,1
33,8,0,235,29,48,205.917,33,0,1,5,8,0,0,1,0
34,8,0,179,51,38,205.917,31,0,0,0,2,0,0,0,1
35,8,0,361,52,28,205.917,27,0,1,4,1,0,0,0,1
36,8,1,289,36,33,205.917,30,0,2,1,8,0,0,0,1
37,8,3,291,50,32,205.917,23,0,0,0,4,1,0,0,0
38,8,4,235,29,48,205.917,33,0,1,5,8,0,0,0,1
39,8,4,260,50,36,205.917,23,0,4,0,4,0,0,0,1
40,9,1,184,42,27,241.476,21,0,0,0,2,0,0,0,1
41,9,0,118,10,37,241.476,28,0,0,0,4,0,0,0,1
42,9,1,179,51,38,241.476,31,0,0,0,4,0,0,0,1
43,9,1,235,20,43,241.476,38,0,1,0,8,0,0,1,0
44,9,2,155,12,34,241.476,25,0,2,0,2,0,0,0,1
45,9,6,118,10,37,241.476,28,0,0,0,3,0,0,0,1
46,9,0,179,51,38,241.476,31,0,0,0,3,0,0,0,1
47,9,3,291,31,40,241.476,25,0,1,1,4,0,0,0,1
48,9,4,260,50,36,241.476,23,0,4,0,8,0,0,0,1
49,9,0,291,31,40,241.476,25,0,1,1,32,1,0,0,0
50,9,0,260,50,36,241.476,23,0,4,0,0,0,0,0,0
51,9,0,225,26,28,241.476,24,0,1,2,0,0,0,0,0
52,9,1,225,26,28,241.476,24,0,1,2,2,0,0,0,1
53,9,1,118,10,37,241.476,28,0,0,0,2,0,0,0,1
54,9,1,289,36,33,241.476,30,0,2,1,0,0,0,0,0
55,9,1,118,13,50,241.476,31,0,1,0,0,0,0,0,0
56,9,2,225,26,28,241.476,24,0,1,2,3,0,0,1,0
57,9,2,179,51,38,241.476,31,0,0,0,3,0,0,0,1
58,9,2,369,17,31,241.476,25,0,3,0,0,0,0,0,0
59,9,4,248,25,47,241.476,32,0,2,1,1,0,0,0,1
60,9,4,179,51,38,241.476,31,0,0,0,3,0,0,0,1
61,9,4,260,50,36,241.476,23,0,4,0,4,0,0,0,1
62,10,1,179,51,38,253.465,31,0,0,0,3,0,0,0,1
63,10,1,118,10,37,253.465,28,0,0,0,3,0,0,0,1
64,10,2,118,13,50,253.465,31,0,1,0,0,0,0,0,0
65,10,3,179,26,30,253.465,19,1,0,0,1,0,0,0,1
66,10,4,179,51,38,253.465,31,0,0,0,3,0,0,0,1
67,10,4,225,26,28,253.465,24,0,1,2,3,0,0,0,1
68,10,1,118,10,37,253.465,28,0,0,0,3,0,0,0,1
69,10,2,225,26,28,253.465,24,0,1,2,2,0,0,0,1
70,10,2,248,25,47,253.465,32,0,2,1,2,0,0,0,1
71,10,3,291,31,40,253.465,25,0,1,1,5,0,0,0,1
72,10,2,179,51,38,253.465,31,0,0,0,8,0,0,0,1
73,10,2,225,26,28,253.465,24,0,1,2,3,0,0,0,1
74,10,3,260,50,36,253.465,23,0,4,0,16,0,0,1,0
75,10,1,291,31,40,253.465,25,0,1,1,8,1,0,0,0
76,10,1,225,26,28,253.465,24,0,1,2,2,0,0,0,1
77,10,2,289,36,33,253.465,30,0,2,1,8,0,0,0,1
78,10,4,361,52,28,253.465,27,0,1,4,1,0,0,0,1
79,10,4,260,50,36,253.465,23,0,4,0,3,0,0,0,1
80,11,3,179,51,38,306.345,31,0,0,0,1,0,0,0,1
81,11,2,225,26,28,306.345,24,0,1,2,1,0,0,0,1
82,11,3,179,51,38,306.345,31,0,0,0,8,1,0,0,0
83,11,3,179,22,40,306.345,22,1,2,0,8,0,0,1,0
84,11,3,291,31,40,306.345,25,0,1,1,5,0,0,0,1
85,11,0,155,12,34,306.345,25,0,2,0,32,1,0,0,0
86,11,0,189,29,33,306.345,25,0,2,2,8,0,0,0,1
87,11,0,291,31,40,306.345,25,0,1,1,40,1,0,0,0
88,11,2,225,26,28,306.345,24,0,1,2,1,0,0,0,1
89,11,4,155,12,34,306.345,25,0,2,0,8,1,0,0,0
90,11,2,225,26,28,306.345,24,0,1,2,3,0,0,0,1
91,11,2,179,22,40,306.345,22,1,2,0,8,0,0,1,0
92,11,4,225,26,28,306.345,24,0,1,2,3,1,0,0,0
93,11,4,260,50,36,306.345,23,0,4,0,4,0,0,0,1
94,11,0,248,25,47,306.345,32,0,2,1,1,0,0,0,1
95,11,1,225,26,28,306.345,24,0,1,2,3,0,0,0,1
96,11,2,289,36,33,306.345,30,0,2,1,24,1,0,0,0
97,11,3,291,31,40,306.345,25,0,1,1,3,0,0,0,1
98,12,1,248,25,47,261.306,32,0,2,1,1,0,0,0,1
99,12,1,118,10,37,261.306,28,0,0,0,64,0,0,1,0
100,12,2,118,13,50,261.306,31,0,1,0,2,0,0,0,1
101,12,2,235,11,37,261.306,29,1,1,1,8,0,0,0,1
102,12,3,225,26,28,261.306,24,0,1,2,2,0,0,0,1
103,12,4,260,50,36,261.306,23,0,4,0,8,0,0,0,1
104,12,1,118,10,37,261.306,28,0,0,0,56,0,0,1,0
105,12,2,361,52,28,261.306,27,0,1,4,8,0,0,0,1
106,12,3,225,26,28,261.306,24,0,1,2,3,0,0,0,1
107,12,4,260,50,36,261.306,23,0,4,0,3,0,0,0,1
108,12,1,225,26,28,261.306,24,0,1,2,2,0,0,0,1
109,12,2,361,52,28,261.306,27,0,1,4,8,0,0,0,1
110,12,4,118,10,37,261.306,28,0,0,0,2,0,0,0,1
111,12,4,246,25,41,261.306,23,0,0,0,8,0,0,1,0
112,12,4,225,26,28,261.306,24,0,1,2,2,0,0,0,1
113,1,2,225,26,28,308.593,24,0,1,2,1,0,0,0,1
114,1,0,118,10,37,308.593,28,0,0,0,1,0,0,1,0
115,1,1,118,10,37,308.593,28,0,0,0,1,0,0,0,1
116,1,1,155,12,34,308.593,25,0,2,0,8,0,0,1,0
117,1,2,225,26,28,308.593,24,0,1,2,2,0,0,0,1
118,1,3,184,42,27,308.593,21,0,0,0,2,0,0,0,1
119,1,3,225,26,28,308.593,24,0,1,2,2,0,0,0,1
120,1,4,225,26,28,308.593,24,0,1,2,1,0,0,0,1
121,1,0,118,10,37,308.593,28,0,0,0,2,0,0,0,1
122,1,1,225,26,28,308.593,24,0,1,2,2,0,0,0,1
123,1,1,118,10,37,308.593,28,0,0,0,2,0,0,0,1
124,1,2,118,10,37,308.593,28,0,0,0,2,0,0,0,1
125,1,3,118,10,37,308.593,28,0,0,0,2,0,0,0,1
126,1,4,118,10,37,308.593,28,0,0,0,2,0,0,0,1
127,1,0,118,10,37,308.593,28,0,0,0,2,0,0,0,1
128,1,1,118,10,37,308.593,28,0,0,0,2,0,0,0,1
129,1,1,179,26,30,308.593,19,1,0,0,8,0,0,1,0
130,1,1,289,36,33,308.593,30,0,2,1,8,0,0,1,0
131,1,2,118,10,37,308.593,28,0,0,0,2,0,0,0,1
132,1,3,184,42,27,308.593,21,0,0,0,2,0,0,0,1
133,1,3,118,10,37,308.593,28,0,0,0,2,0,0,0,1
134,1,0,118,10,37,308.593,28,0,0,0,0,0,0,0,1
135,1,1,225,26,28,308.593,24,0,1,2,1,0,0,0,1
136,1,3,289,36,33,308.593,30,0,2,1,3,0,0,0,1
137,2,4,184,42,27,302.585,21,0,0,0,1,0,0,0,1
138,2,2,246,25,41,302.585,23,0,0,0,8,1,0,0,0
139,2,2,179,51,38,302.585,31,0,0,0,8,1,0,0,0
140,2,3,155,12,34,302.585,25,0,2,0,2,0,0,0,1
141,2,3,189,29,33,302.585,25,0,2,2,8,0,0,0,1
142,2,4,260,50,36,302.585,23,0,4,0,2,0,0,0,1
143,2,4,289,36,33,302.585,30,0,2,1,8,0,0,0,1
144,2,0,388,15,50,302.585,24,0,0,0,8,1,0,0,0
145,2,1,388,15,50,302.585,24,0,0,0,8,1,0,0,0
146,2,0,225,26,28,302.585,24,0,1,2,2,0,0,0,1
147,2,1,225,26,28,302.585,24,0,1,2,2,0,0,0,1
148,2,1,179,26,30,302.585,19,1,0,0,1,0,0,0,1
149,2,1,184,42,27,302.585,21,0,0,0,8,0,0,0,1
150,2,3,225,26,28,302.585,24,0,1,2,3,0,0,0,1
151,2,0,330,16,28,302.585,25,1,0,0,8,0,0,1,0
152,2,1,330,16,28,302.585,25,1,0,0,1,0,0,0,1
153,2,2,225,26,28,302.585,24,0,1,2,1,0,0,0,1
154,2,3,189,29,33,302.585,25,0,2,2,8,0,0,1,0
155,3,1,291,50,32,343.25300000000004,23,0,0,0,2,0,0,0,1
156,3,1,260,50,36,343.25300000000004,23,0,4,0,8,0,0,1,0
157,3,1,157,27,29,343.25300000000004,22,0,0,0,3,0,0,1,0
158,3,1,179,22,40,343.25300000000004,22,1,2,0,8,0,1,0,0
159,3,2,291,31,40,343.25300000000004,25,0,1,1,8,0,0,0,1
160,3,2,260,50,36,343.25300000000004,23,0,4,0,8,1,0,0,0
161,3,3,179,26,30,343.25300000000004,19,1,0,0,8,1,0,0,0
162,3,4,248,25,47,343.25300000000004,32,0,2,1,3,1,0,0,0
163,3,4,260,50,36,343.25300000000004,23,0,4,0,40,1,0,0,0
164,3,0,179,22,40,343.25300000000004,22,1,2,0,40,1,0,0,0
165,3,0,155,12,34,343.25300000000004,25,0,2,0,16,1,0,0,0
166,3,0,260,50,36,343.25300000000004,23,0,4,0,16,0,0,0,1
167,3,1,155,12,34,343.25300000000004,25,0,2,0,8,1,0,0,0
168,3,3,289,36,33,343.25300000000004,30,0,2,1,8,1,0,0,0
169,3,3,179,22,40,343.25300000000004,22,1,2,0,8,1,0,0,0
170,3,4,260,50,36,343.25300000000004,23,0,4,0,4,0,0,0,1
171,3,4,225,26,28,343.25300000000004,24,0,1,2,1,0,0,0,1
172,3,0,279,5,39,343.25300000000004,24,0,2,0,8,1,0,0,0
173,3,1,179,51,38,343.25300000000004,31,0,0,0,24,1,0,0,0
174,3,2,225,26,28,343.25300000000004,24,0,1,2,2,0,0,0,1
175,3,0,225,26,28,343.25300000000004,24,0,1,2,8,1,0,0,0
176,3,0,179,26,30,343.25300000000004,19,1,0,0,1,1,0,0,0
177,3,1,225,26,28,343.25300000000004,24,0,1,2,8,1,0,0,0
178,3,2,225,26,28,343.25300000000004,24,0,1,2,16,1,0,0,0
179,3,2,179,51,38,343.25300000000004,31,0,0,0,3,1,0,0,0
180,3,3,279,5,39,343.25300000000004,24,0,2,0,16,1,0,0,0
181,3,4,225,26,28,343.25300000000004,24,0,1,2,2,0,0,0,1
182,3,4,248,25,47,343.25300000000004,32,0,2,1,3,1,0,0,0
183,3,0,225,26,28,343.25300000000004,24,0,1,2,1,0,0,0,1
184,4,2,291,31,40,326.452,25,0,1,1,1,0,0,0,1
185,4,2,225,26,28,326.452,24,0,1,2,1,0,0,0,1
186,4,1,155,12,34,326.452,25,0,2,0,1,0,0,0,1
187,4,2,246,25,41,326.452,23,0,0,0,24,1,0,0,0
188,4,3,155,12,34,326.452,25,0,2,0,1,0,0,0,1
189,4,4,225,26,28,326.452,24,0,1,2,2,0,0,0,1
190,4,4,260,50,36,326.452,23,0,4,0,4,0,0,0,1
191,4,2,179,51,38,326.452,31,0,0,0,24,1,0,0,0
192,4,3,118,13,50,326.452,31,0,1,0,1,0,0,0,1
193,4,4,291,31,40,326.452,25,0,1,1,3,0,0,0,1
194,4,4,246,25,41,326.452,23,0,0,0,8,1,0,0,0
195,4,4,291,31,40,326.452,25,0,1,1,1,0,0,0,1
196,4,4,248,25,47,326.452,32,0,2,1,8,0,0,0,1
197,4,4,260,50,36,326.452,23,0,4,0,56,0,0,1,0
198,4,1,289,36,33,326.452,30,0,2,1,8,0,0,1,0
199,4,2,155,12,34,326.452,25,0,2,0,24,1,0,0,0
200,4,2,378,49,36,326.452,21,0,2,4,8,0,0,1,0
201,4,3,289,36,33,326.452,30,0,2,1,16,1,0,0,0
202,4,4,235,11,37,326.452,29,1,1,1,3,1,0,0,0
203,4,0,235,29,48,326.452,33,0,1,5,0,0,0,0,0
204,5,2,289,36,33,378.884,30,0,2,1,8,1,0,0,0
205,5,3,155,12,34,378.884,25,0,2,0,2,0,0,0,1
206,5,0,155,12,34,378.884,25,0,2,0,1,0,0,0,1
207,5,1,179,51,38,378.884,31,0,0,0,8,0,0,1,0
208,5,1,225,26,28,378.884,24,0,1,2,8,0,0,1,0
209,5,2,184,42,27,378.884,21,0,0,0,4,1,0,0,0
210,5,0,155,12,34,378.884,25,0,2,0,2,0,0,0,1
211,5,1,179,51,38,378.884,31,0,0,0,1,1,0,0,0
212,5,2,289,36,33,378.884,30,0,2,1,24,1,0,0,0
213,5,2,279,5,39,378.884,24,0,2,0,0,0,0,0,0
214,5,2,330,16,28,378.884,25,1,0,0,0,0,0,0,0
215,5,2,378,49,36,378.884,21,0,2,4,0,0,0,0,0
216,5,2,388,15,50,378.884,24,0,0,0,0,0,0,0,0
217,5,1,179,51,38,378.884,31,0,0,0,1,1,0,0,0
218,5,2,118,13,50,378.884,31,0,1,0,24,1,0,0,0
219,5,4,361,52,28,378.884,27,0,1,4,8,0,0,0,1
220,6,0,246,25,41,377.55,23,0,0,0,8,0,0,1,0
221,6,0,361,52,28,377.55,27,0,1,4,8,0,0,0,1
222,6,1,246,25,41,377.55,23,0,0,0,24,1,0,0,0
223,6,3,291,31,40,377.55,25,0,1,1,4,0,0,0,1
224,6,4,246,25,41,377.55,23,0,0,0,8,1,0,0,0
225,6,0,179,51,38,377.55,31,0,0,0,8,1,0,0,0
226,6,0,155,12,34,377.55,25,0,2,0,4,0,0,0,1
227,6,0,246,25,41,377.55,23,0,0,0,8,1,0,0,0
228,6,2,118,13,50,377.55,31,0,1,0,8,1,0,0,0
229,6,4,235,11,37,377.55,29,1,1,1,16,1,0,0,0
230,6,1,118,13,50,377.55,31,0,1,0,1,0,0,0,1
231,6,2,118,13,50,377.55,31,0,1,0,80,1,0,0,0
232,6,3,378,49,36,377.55,21,0,2,4,8,0,0,0,1
233,6,4,179,51,38,377.55,31,0,0,0,2,1,0,0,0
234,6,0,289,48,49,377.55,36,0,0,2,2,0,0,0,1
235,6,3,225,26,28,377.55,24,0,1,2,2,0,0,0,1
236,7,1,155,12,34,275.312,25,0,2,0,16,0,0,1,0
237,7,2,118,13,50,275.312,31,0,1,0,8,1,0,0,0
238,7,4,118,10,37,275.312,28,0,0,0,8,1,0,0,0
239,7,4,118,10,37,275.312,28,0,0,0,4,0,0,0,1
240,7,1,330,16,28,275.312,25,1,0,0,8,0,0,0,1
241,7,3,179,26,30,275.312,19,1,0,0,8,0,0,1,0
242,7,4,155,12,34,275.312,25,0,2,0,2,0,0,0,1
243,7,0,330,16,28,275.312,25,1,0,0,8,1,0,0,0
244,7,1,330,16,28,275.312,25,1,0,0,8,1,0,0,0
245,7,0,157,27,29,275.312,22,0,0,0,3,0,0,0,1
246,7,1,361,52,28,275.312,27,0,1,4,8,0,0,0,1
247,7,2,289,36,33,275.312,30,0,2,1,8,0,0,0,1
248,7,3,179,51,38,275.312,31,0,0,0,8,0,0,0,1
249,7,0,289,36,33,275.312,30,0,2,1,32,0,0,1,0
250,7,3,289,36,33,275.312,30,0,2,1,8,0,0,1,0
251,7,3,260,50,36,275.312,23,0,4,0,0,0,0,0,0
252,8,3,289,36,33,265.615,30,0,2,1,8,0,0,1,0
253,8,3,157,27,29,265.615,22,0,0,0,3,0,0,1,0
254,8,6,289,36,33,265.615,30,0,2,1,1,0,0,0,1
255,8,0,228,14,58,265.615,22,0,2,1,8,0,0,1,0
256,8,2,300,26,43,265.615,25,0,2,1,1,1,0,0,0
257,8,2,300,26,43,265.615,25,0,2,1,2,1,0,0,0
258,8,3,260,50,36,265.615,23,0,4,0,4,0,0,0,1
259,8,0,289,36,33,265.615,30,0,2,1,4,0,0,0,1
260,8,1,248,25,47,265.615,32,0,2,1,1,0,0,0,1
261,8,2,268,11,33,265.615,25,1,0,0,8,1,0,0,0
262,8,2,179,26,30,265.615,19,1,0,0,1,0,0,0,1
263,8,2,118,13,50,265.615,31,0,1,0,3,1,0,0,0
264,8,6,248,25,47,265.615,32,0,2,1,2,0,0,0,1
265,8,0,235,11,37,265.615,29,1,1,1,1,0,0,0,1
266,8,2,118,13,50,265.615,31,0,1,0,1,0,0,0,1
267,8,2,235,11,37,265.615,29,1,1,1,8,0,0,1,0
268,8,0,361,52,28,265.615,27,0,1,4,8,1,0,0,0
269,8,1,184,42,27,265.615,21,0,0,0,8,1,0,0,0
270,9,0,179,51,38,294.217,31,0,0,0,8,1,0,0,0
271,9,4,179,51,38,294.217,31,0,0,0,3,0,0,0,1
272,9,2,289,36,33,294.217,30,0,2,1,24,0,0,1,0
273,9,3,235,20,43,294.217,38,0,1,0,0,0,0,0,0
274,9,0,246,25,41,294.217,23,0,0,0,16,1,0,0,0
275,9,1,291,31,40,294.217,25,0,1,1,3,0,0,0,1
276,9,1,231,35,39,294.217,35,0,2,2,0,0,0,0,0
277,9,1,291,50,32,294.217,23,0,0,0,0,0,0,0,0
278,9,2,179,51,38,294.217,31,0,0,0,8,1,0,0,0
279,9,2,246,25,41,294.217,23,0,0,0,32,1,0,0,0
280,9,3,179,51,38,294.217,31,0,0,0,1,0,0,0,1
281,9,4,291,31,40,294.217,25,0,1,1,4,0,0,0,1
282,9,4,260,50,36,294.217,23,0,4,0,4,0,0,0,1
283,9,2,235,20,43,294.217,38,0,1,0,8,0,0,0,1
284,9,3,118,13,50,294.217,31,0,1,0,1,0,0,0,1
285,9,3,235,20,43,294.217,38,0,1,0,0,0,0,0,0
286,9,4,291,31,40,294.217,25,0,1,1,3,0,0,0,1
287,9,0,291,31,40,294.217,25,0,1,1,40,1,0,0,0
288,9,0,179,51,38,294.217,31,0,0,0,8,1,0,0,0
289,10,2,289,36,33,265.017,30,0,2,1,8,0,0,0,1
290,10,2,235,11,37,265.017,29,1,1,1,4,0,0,0,1
291,10,2,289,36,33,265.017,30,0,2,1,8,0,0,0,1
292,10,3,289,36,33,265.017,30,0,2,1,8,0,0,0,1
293,10,3,118,13,50,265.017,31,0,1,0,0,0,0,0,0
294,10,3,248,25,47,265.017,32,0,2,1,0,0,0,0,0
295,10,2,179,26,30,265.017,19,1,0,0,8,1,0,0,0
296,10,2,118,10,37,265.017,28,0,0,0,3,1,0,0,0
297,10,2,369,17,31,265.017,25,0,3,0,8,0,0,0,1
298,10,4,179,51,38,265.017,31,0,0,0,1,0,0,0,1
299,10,4,179,26,30,265.017,19,1,0,0,64,1,0,0,0
300,10,4,235,20,43,265.017,38,0,1,0,0,0,0,0,0
301,10,5,289,36,33,265.017,30,0,2,1,16,0,0,1,0
302,10,6,260,50,36,265.017,23,0,4,0,3,0,0,0,1
303,10,6,235,20,43,265.017,38,0,1,0,0,0,0,0,0
304,10,2,235,20,43,265.017,38,0,1,0,2,0,0,0,1
305,10,2,235,20,43,265.017,38,0,1,0,2,0,0,0,1
306,10,3,118,13,50,265.017,31,0,1,0,1,0,0,0,1
307,10,3,291,31,40,265.017,25,0,1,1,4,0,0,0,1
308,10,5,179,26,30,265.017,19,1,0,0,16,0,0,0,1
309,10,5,118,13,50,265.017,31,0,1,0,1,0,0,0,1
310,10,2,361,52,28,265.017,27,0,1,4,8,1,0,0,0
311,10,3,260,50,36,265.017,23,0,4,0,0,0,0,0,0
312,10,3,291,31,40,265.017,25,0,1,1,0,0,0,0,0
313,10,3,157,27,29,265.017,22,0,0,0,0,0,0,0,0
314,10,4,179,26,30,265.017,19,1,0,0,5,1,0,0,0
315,10,4,179,26,30,265.017,19,1,0,0,5,1,0,0,0
316,10,5,118,13,50,265.017,31,0,1,0,1,0,0,0,1
317,11,0,118,10,37,284.031,28,0,0,0,8,1,0,0,0
318,11,0,248,25,47,284.031,32,0,2,1,2,0,0,0,1
319,11,1,179,51,38,284.031,31,0,0,0,8,1,0,0,0
320,11,4,260,50,36,284.031,23,0,4,0,3,0,0,0,1
321,11,0,291,31,40,284.031,25,0,1,1,1,0,0,0,1
322,11,0,378,49,36,284.031,21,0,2,4,8,1,0,0,0
323,11,0,155,12,34,284.031,25,0,2,0,120,1,0,0,0
324,11,0,235,20,43,284.031,38,0,1,0,8,0,0,0,1
325,11,1,330,16,28,284.031,25,1,0,0,0,0,0,0,0
326,11,2,235,11,37,284.031,29,1,1,1,1,0,0,1,0
327,11,2,118,10,37,284.031,28,0,0,0,3,1,0,0,0
328,11,3,235,11,37,284.031,29,1,1,1,2,0,0,0,1
329,11,3,179,51,38,284.031,31,0,0,0,3,0,0,0,1
330,11,4,246,25,41,284.031,23,0,0,0,8,1,0,0,0
331,11,4,291,31,40,284.031,25,0,1,1,4,1,0,0,0
332,11,0,246,25,41,284.031,23,0,0,0,8,1,0,0,0
333,11,1,179,51,38,284.031,31,0,0,0,1,0,0,0,1
334,11,2,260,50,36,284.031,23,0,4,0,8,1,0,0,0
335,11,4,260,50,36,284.031,23,0,4,0,8,0,1,0,0
336,11,4,378,49,36,284.031,21,0,2,4,0,0,0,0,0
337,11,1,279,5,39,284.031,24,0,2,0,0,0,0,0,0
338,11,3,179,51,38,284.031,31,0,0,0,1,0,0,0,1
339,12,0,225,26,28,236.62900000000002,24,0,1,2,3,1,0,0,0
340,12,0,179,51,38,236.62900000000002,31,0,0,0,2,0,0,0,1
341,12,0,179,51,38,236.62900000000002,31,0,0,0,1,0,0,0,1
342,12,0,235,11,37,236.62900000000002,29,1,1,1,3,0,0,0,1
343,12,1,118,13,50,236.62900000000002,31,0,1,0,1,0,0,0,1
344,12,4,260,50,36,236.62900000000002,23,0,4,0,4,0,0,0,1
345,12,3,246,25,41,236.62900000000002,23,0,0,0,8,1,0,0,0
346,12,3,179,51,38,236.62900000000002,31,0,0,0,1,0,0,0,1
347,12,4,179,51,38,236.62900000000002,31,0,0,0,1,0,0,0,1
348,12,1,179,26,30,236.62900000000002,19,1,0,0,1,0,0,0,1
349,12,1,118,10,37,236.62900000000002,28,0,0,0,8,0,0,0,1
350,12,3,235,11,37,236.62900000000002,29,1,1,1,2,0,0,0,1
351,12,4,179,51,38,236.62900000000002,31,0,0,0,1,0,0,0,1
352,12,1,235,20,43,236.62900000000002,38,0,1,0,8,1,0,0,0
353,12,1,235,11,37,236.62900000000002,29,1,1,1,4,1,0,0,0
354,12,2,260,50,36,236.62900000000002,23,0,4,0,8,0,0,0,1
355,12,0,157,27,29,236.62900000000002,22,0,0,0,2,0,0,0,1
356,12,0,179,51,38,236.62900000000002,31,0,0,0,3,0,0,0,1
357,12,0,289,36,33,236.62900000000002,30,0,2,1,8,0,0,1,0
358,1,2,225,26,28,330.061,24,0,1,2,5,0,0,0,1
359,1,0,118,10,37,330.061,28,0,0,0,32,0,0,1,0
360,1,0,155,12,34,330.061,25,0,2,0,2,0,0,0,1
361,1,1,235,11,37,330.061,29,1,1,1,1,1,0,0,0
362,1,1,155,12,34,330.061,25,0,2,0,4,0,0,0,1
363,1,0,289,36,33,330.061,30,0,2,1,8,0,0,0,1
364,1,2,291,31,40,330.061,25,0,1,1,8,1,0,0,0
365,1,0,235,20,43,330.061,38,0,1,0,8,0,0,0,1
366,1,0,118,13,50,330.061,31,0,1,0,4,0,0,0,1
367,1,2,179,51,38,330.061,31,0,0,0,1,0,0,0,1
368,1,4,179,51,38,330.061,31,0,0,0,1,0,0,0,1
369,2,1,118,10,37,251.81799999999998,28,0,0,0,2,0,0,0,1
370,2,2,179,51,38,251.81799999999998,31,0,0,0,3,0,0,0,1
371,2,2,225,26,28,251.81799999999998,24,0,1,2,1,1,0,0,0
372,2,4,289,36,33,251.81799999999998,30,0,2,1,3,0,0,0,1
373,2,4,260,50,36,251.81799999999998,23,0,4,0,3,0,0,0,1
374,2,4,179,51,38,251.81799999999998,31,0,0,0,3,0,0,0,1
375,2,0,179,51,38,251.81799999999998,31,0,0,0,2,0,0,0,1
376,2,2,179,51,38,251.81799999999998,31,0,0,0,3,0,0,0,1
377,2,3,179,51,38,251.81799999999998,31,0,0,0,8,1,0,0,0
378,2,3,246,25,41,251.81799999999998,23,0,0,0,8,0,0,0,1
379,2,4,179,51,38,251.81799999999998,31,0,0,0,3,0,0,0,1
380,2,0,189,29,33,251.81799999999998,25,0,2,2,8,0,0,0,1
381,2,0,179,51,38,251.81799999999998,31,0,0,0,3,0,0,0,1
382,2,1,246,25,41,251.81799999999998,23,0,0,0,2,0,0,0,1
383,2,1,291,31,40,251.81799999999998,25,0,1,1,2,0,0,0,1
384,2,2,157,27,29,251.81799999999998,22,0,0,0,16,1,0,0,0
385,2,2,179,51,38,251.81799999999998,31,0,0,0,3,0,0,0,1
386,2,4,179,51,38,251.81799999999998,31,0,0,0,3,0,0,0,1
387,2,4,246,25,41,251.81799999999998,23,0,0,0,24,1,0,0,0
388,2,2,179,51,38,251.81799999999998,31,0,0,0,3,0,0,0,1
389,2,4,179,51,38,251.81799999999998,31,0,0,0,3,0,0,0,1
390,3,1,118,10,37,244.387,28,0,0,0,8,0,0,1,0
391,3,2,246,25,41,244.387,23,0,0,0,16,0,0,1,0
392,3,4,246,25,41,244.387,23,0,0,0,2,0,0,0,1
393,3,4,260,50,36,244.387,23,0,4,0,4,0,0,0,1
394,3,0,179,51,38,244.387,31,0,0,0,2,0,0,0,1
395,3,0,235,11,37,244.387,29,1,1,1,8,0,0,0,1
396,3,1,179,22,40,244.387,22,1,2,0,8,0,0,0,1
397,3,1,378,49,36,244.387,21,0,2,4,8,0,0,0,1
398,3,0,179,51,38,244.387,31,0,0,0,16,0,0,0,1
399,3,2,361,52,28,244.387,27,0,1,4,8,0,0,0,1
400,3,2,369,17,31,244.387,25,0,3,0,0,0,0,0,0
401,3,3,235,11,37,244.387,29,1,1,1,8,0,0,1,0
402,3,4,118,13,50,244.387,31,0,1,0,2,0,0,0,1
403,3,1,118,13,50,244.387,31,0,1,0,3,1,0,0,0
404,3,2,118,13,50,244.387,31,0,1,0,8,1,0,0,0
405,3,3,235,11,37,244.387,29,1,1,1,0,0,0,0,0
406,3,3,246,25,41,244.387,23,0,0,0,0,0,0,0,0
407,3,3,118,13,50,244.387,31,0,1,0,0,0,0,0,0
408,3,4,179,51,38,244.387,31,0,0,0,8,0,0,0,1
409,3,4,289,36,33,244.387,30,0,2,1,8,0,0,0,1
410,3,0,260,50,36,244.387,23,0,4,0,8,0,0,1,0
411,3,1,246,25,41,244.387,23,0,0,0,2,0,0,0,1
412,4,2,179,51,38,239.40900000000002,31,0,0,0,4,0,0,0,1
413,4,4,260,50,36,239.40900000000002,23,0,4,0,3,0,0,0,1
414,4,4,330,16,28,239.40900000000002,25,1,0,0,4,0,0,0,1
415,4,0,369,17,31,239.40900000000002,25,0,3,0,4,0,0,0,1
416,4,0,248,25,47,239.40900000000002,32,0,2,1,4,0,0,0,1
417,4,2,330,16,28,239.40900000000002,25,1,0,0,8,0,0,0,1
418,4,2,179,51,38,239.40900000000002,31,0,0,0,8,0,0,0,1
419,4,0,118,13,50,239.40900000000002,31,0,1,0,1,0,0,0,1
420,4,2,118,13,50,239.40900000000002,31,0,1,0,120,1,0,0,0
421,4,4,300,26,43,239.40900000000002,25,0,2,1,8,0,0,0,1
422,4,4,260,50,36,239.40900000000002,23,0,4,0,4,0,0,0,1
423,4,0,179,51,38,239.40900000000002,31,0,0,0,4,0,0,0,1
424,4,2,118,10,37,239.40900000000002,28,0,0,0,2,1,0,0,0
425,5,0,235,20,43,246.074,38,0,1,0,16,1,0,0,0
426,5,2,248,25,47,246.074,32,0,2,1,2,0,0,0,1
427,5,0,369,17,31,246.074,25,0,3,0,8,1,0,0,0
428,5,2,179,26,30,246.074,19,1,0,0,3,0,0,0,1
429,5,2,179,51,38,246.074,31,0,0,0,4,0,0,0,1
430,5,3,361,52,28,246.074,27,0,1,4,1,0,0,0,1
431,5,4,260,50,36,246.074,23,0,4,0,3,0,0,0,1
432,5,0,179,22,40,246.074,22,1,2,0,2,1,0,0,0
433,5,0,179,22,40,246.074,22,1,2,0,3,1,0,0,0
434,5,2,228,14,58,246.074,22,0,2,1,8,0,0,1,0
435,5,2,225,26,28,246.074,24,0,1,2,3,0,0,0,1
436,5,4,330,16,28,246.074,25,1,0,0,8,1,0,0,0
437,5,0,179,26,30,246.074,19,1,0,0,2,0,0,0,1
438,5,0,118,10,37,246.074,28,0,0,0,1,0,0,0,1
439,5,0,235,11,37,246.074,29,1,1,1,8,1,0,0,0
440,5,2,179,26,30,246.074,19,1,0,0,3,0,0,0,1
441,6,0,118,10,37,253.957,28,0,0,0,3,0,0,0,1
442,6,0,179,51,38,253.957,31,0,0,0,3,0,0,0,1
443,6,1,118,10,37,253.957,28,0,0,0,2,0,0,0,1
444,6,3,225,26,28,253.957,24,0,1,2,4,0,0,0,1
445,6,4,260,50,36,253.957,23,0,4,0,4,0,0,0,1
446,6,4,179,51,38,253.957,31,0,0,0,0,0,0,0,0
447,6,0,291,31,40,253.957,25,0,1,1,40,1,0,0,0
448,6,0,179,51,38,253.957,31,0,0,0,24,0,0,0,1
449,6,1,246,25,41,253.957,23,0,0,0,3,0,0,0,1
450,6,0,179,51,38,253.957,31,0,0,0,4,0,0,0,1
451,6,1,235,20,43,253.957,38,0,1,0,8,0,0,0,1
452,6,0,179,51,38,253.957,31,0,0,0,2,0,0,0,1
453,6,2,225,26,28,253.957,24,0,1,2,2,0,0,0,1
454,6,2,118,13,50,253.957,31,0,1,0,2,0,0,0,1
455,6,2,179,51,38,253.957,31,0,0,0,8,1,0,0,0
456,6,2,179,26,30,253.957,19,1,0,0,2,0,0,1,0
457,6,4,246,25,41,253.957,23,0,0,0,2,0,0,0,1
458,6,1,330,16,28,253.957,25,1,0,0,1,1,0,0,0
459,6,1,235,11,37,253.957,29,1,1,1,8,1,0,0,0
460,7,3,179,26,30,230.29,19,1,0,0,2,0,0,0,1
461,7,3,225,26,28,230.29,24,0,1,2,4,0,0,0,1
462,7,4,260,50,36,230.29,23,0,4,0,8,1,0,0,0
463,7,0,268,11,33,230.29,25,1,0,0,8,1,0,0,0
464,7,4,330,16,28,230.29,25,1,0,0,8,0,0,0,1
465,7,4,118,10,37,230.29,28,0,0,0,8,0,0,0,1
466,7,0,260,50,36,230.29,23,0,4,0,4,0,0,0,1
467,7,1,118,10,37,230.29,28,0,0,0,8,0,0,0,1
468,7,0,300,26,43,230.29,25,0,2,1,8,0,1,0,0
469,7,0,235,29,48,230.29,33,0,1,5,1,0,0,0,1
470,7,1,246,25,41,230.29,23,0,0,0,2,0,0,0,1
471,7,1,225,26,28,230.29,24,0,1,2,112,1,0,0,0
472,7,1,179,51,38,230.29,31,0,0,0,1,0,0,0,1
473,7,4,118,13,50,230.29,31,0,1,0,1,0,0,0,1
474,7,4,361,52,28,230.29,27,0,1,4,8,0,0,0,1
475,7,0,289,36,33,230.29,30,0,2,1,8,0,0,0,1
476,7,0,235,20,43,230.29,38,0,1,0,8,0,0,0,1
477,7,1,246,25,41,230.29,23,0,0,0,2,0,0,0,1
478,7,3,291,31,40,230.29,25,0,1,1,1,0,0,0,1
479,7,3,279,5,39,230.29,24,0,2,0,2,0,0,0,1
480,8,3,179,51,38,249.797,31,0,0,0,4,0,0,0,1
481,8,0,179,22,40,249.797,22,1,2,0,1,0,0,0,1
482,8,1,246,25,41,249.797,23,0,0,0,4,0,0,0,1
483,8,1,118,10,37,249.797,28,0,0,0,4,0,0,0,1
484,8,1,289,36,33,249.797,30,0,2,1,8,0,0,0,1
485,8,1,235,20,43,249.797,38,0,1,0,8,0,0,0,1
486,8,3,291,31,40,249.797,25,0,1,1,4,0,0,0,1
487,8,0,179,51,38,249.797,31,0,0,0,4,0,0,0,1
488,8,1,179,22,40,249.797,22,1,2,0,8,0,0,0,1
489,8,3,330,16,28,249.797,25,1,0,0,16,0,0,0,1
490,8,1,235,11,37,249.797,29,1,1,1,4,0,0,0,1
491,8,1,246,25,41,249.797,23,0,0,0,1,0,0,0,1
492,8,1,118,10,37,249.797,28,0,0,0,5,0,0,0,1
493,8,3,291,31,40,249.797,25,0,1,1,2,0,0,0,1
494,8,0,260,50,36,249.797,23,0,4,0,3,0,0,0,1
495,9,1,246,25,41,261.756,23,0,0,0,1,0,0,0,1
496,9,1,246,25,41,261.756,23,0,0,0,1,0,0,0,1
497,9,1,118,10,37,261.756,28,0,0,0,3,0,0,0,1
498,9,1,155,12,34,261.756,25,0,2,0,2,0,0,0,1
499,9,3,291,31,40,261.756,25,0,1,1,2,0,0,0,1
500,9,4,179,26,30,261.756,19,1,0,0,8,0,0,0,1
501,9,4,248,25,47,261.756,32,0,2,1,1,0,0,0,1
502,9,0,179,51,38,261.756,31,0,0,0,4,0,0,0,1
503,9,2,225,26,28,261.756,24,0,1,2,1,0,0,0,1
504,9,0,179,26,30,261.756,19,1,0,0,2,0,0,0,1
505,9,1,369,17,31,261.756,25,0,3,0,8,0,0,0,1
506,9,1,361,52,28,261.756,27,0,1,4,8,0,0,0,1
507,10,3,289,48,49,284.853,36,0,0,2,1,1,0,0,0
508,10,3,235,16,32,284.853,25,1,0,0,3,1,0,0,0
509,10,4,246,25,41,284.853,23,0,0,0,8,0,0,0,1
510,10,2,289,48,49,284.853,36,0,0,2,3,1,0,0,0
511,10,2,291,31,40,284.853,25,0,1,1,2,0,0,0,1
512,10,1,118,10,37,284.853,28,0,0,0,2,0,0,0,1
513,10,3,289,48,49,284.853,36,0,0,2,2,0,0,0,1
514,10,4,291,31,40,284.853,25,0,1,1,1,0,0,0,1
515,10,1,225,26,28,284.853,24,0,1,2,2,0,0,0,1
516,10,1,369,17,31,284.853,25,0,3,0,8,0,0,0,1
517,10,1,369,17,31,284.853,25,0,3,0,3,0,0,0,1
518,10,1,225,26,28,284.853,24,0,1,2,4,0,0,0,1
519,10,1,369,17,31,284.853,25,0,3,0,8,0,0,0,1
520,10,2,179,51,38,284.853,31,0,0,0,3,0,0,0,1
521,10,2,228,14,58,284.853,22,0,2,1,1,1,0,0,0
522,10,2,291,31,40,284.853,25,0,1,1,1,0,0,0,1
523,10,3,369,17,31,284.853,25,0,3,0,8,1,0,0,0
524,10,3,225,26,28,284.853,24,0,1,2,1,1,0,0,0
525,10,4,369,17,31,284.853,25,0,3,0,8,1,0,0,0
526,10,4,225,26,28,284.853,24,0,1,2,3,1,0,0,0
527,10,6,189,29,33,284.853,25,0,2,2,8,0,0,0,1
528,10,6,235,16,32,284.853,25,1,0,0,8,1,0,0,0
529,10,6,248,25,47,284.853,32,0,2,1,8,1,0,0,0
530,10,6,225,26,28,284.853,24,0,1,2,0,0,0,0,0
531,10,1,225,26,28,284.853,24,0,1,2,3,1,0,0,0
532,11,1,179,51,38,268.519,31,0,0,0,1,0,0,1,0
533,11,2,118,10,37,268.519,28,0,0,0,3,0,0,0,1
534,11,2,330,16,28,268.519,25,1,0,0,24,1,0,0,0
535,11,4,179,51,38,268.519,31,0,0,0,1,0,0,0,1
536,11,1,118,10,37,268.519,28,0,0,0,8,1,0,0,0
537,11,2,289,36,33,268.519,30,0,2,1,8,0,0,0,1
538,11,4,235,16,32,268.519,25,1,0,0,8,1,0,0,0
539,11,4,225,26,28,268.519,24,0,1,2,4,0,0,0,1
540,11,1,361,52,28,268.519,27,0,1,4,8,0,0,0,1
541,11,2,291,31,40,268.519,25,0,1,1,2,0,0,0,1
542,11,3,118,10,37,268.519,28,0,0,0,2,1,0,0,0
543,11,3,225,26,28,268.519,24,0,1,2,3,1,0,0,0
544,11,0,179,51,38,268.519,31,0,0,0,1,0,0,0,1
545,11,0,118,10,37,268.519,28,0,0,0,8,0,0,0,1
546,11,1,118,10,37,268.519,28,0,0,0,8,1,0,0,0
547,11,1,225,26,28,268.519,24,0,1,2,2,0,0,0,1
548,11,1,291,31,40,268.519,25,0,1,1,0,0,0,0,0
549,11,2,289,36,33,268.519,30,0,2,1,0,0,0,0,0
550,11,3,248,25,47,268.519,32,0,2,1,4,1,0,0,0
551,11,3,235,20,43,268.519,38,0,1,0,0,0,0,0,0
552,11,4,225,26,28,268.519,24,0,1,2,2,0,0,0,1
553,11,4,369,17,31,268.519,25,0,3,0,8,0,0,0,1
554,11,0,361,52,28,268.519,27,0,1,4,2,0,0,0,1
555,12,1,179,51,38,280.54900000000004,31,0,0,0,32,1,0,0,0
556,12,2,291,31,40,280.54900000000004,25,0,1,1,1,0,0,0,1
557,12,2,225,26,28,280.54900000000004,24,0,1,2,3,0,0,0,1
558,12,4,179,26,30,280.54900000000004,19,1,0,0,1,1,0,0,0
559,12,4,225,26,28,280.54900000000004,24,0,1,2,3,0,0,0,1
560,12,2,225,26,28,280.54900000000004,24,0,1,2,3,0,0,0,1
561,12,3,361,52,28,280.54900000000004,27,0,1,4,4,1,0,0,0
562,12,4,179,22,40,280.54900000000004,22,1,2,0,2,0,0,1,0
563,12,4,235,20,43,280.54900000000004,38,0,1,0,8,0,0,0,1
564,12,0,233,51,31,280.54900000000004,21,1,1,8,8,0,0,1,0
565,12,1,179,26,30,280.54900000000004,19,1,0,0,16,1,0,0,0
566,12,1,225,26,28,280.54900000000004,24,0,1,2,2,0,0,0,1
567,12,3,225,26,28,280.54900000000004,24,0,1,2,3,0,0,0,1
568,12,0,225,26,28,280.54900000000004,24,0,1,2,2,0,0,0,1
569,12,1,155,12,34,280.54900000000004,25,0,2,0,80,0,0,1,0
570,1,0,179,26,30,313.532,19,1,0,0,24,1,0,0,0
571,1,3,179,26,30,313.532,19,1,0,0,16,1,0,0,0
572,1,3,179,22,40,313.532,22,1,2,0,2,0,0,0,1
573,1,4,179,22,40,313.532,22,1,2,0,2,0,0,0,1
574,1,0,179,26,30,313.532,19,1,0,0,3,1,0,0,0
575,1,2,179,22,40,313.532,22,1,2,0,2,0,0,0,1
576,1,3,289,48,49,313.532,36,0,0,2,8,1,0,0,0
577,1,4,179,22,40,313.532,22,1,2,0,3,0,0,1,0
578,1,0,179,26,30,313.532,19,1,0,0,2,0,0,0,1
579,1,1,155,12,34,313.532,25,0,2,0,8,0,0,1,0
580,1,2,179,26,30,313.532,19,1,0,0,2,0,0,0,1
581,1,2,179,51,38,313.532,31,0,0,0,3,0,0,0,1
582,1,2,289,36,33,313.532,30,0,2,1,8,1,0,0,0
583,1,3,179,51,38,313.532,31,0,0,0,3,0,0,0,1
584,1,4,179,51,38,313.532,31,0,0,0,2,0,0,0,1
585,2,1,179,51,38,264.249,31,0,0,0,8,1,0,0,0
586,2,1,225,26,28,264.249,24,0,1,2,3,0,0,0,1
587,2,2,248,25,47,264.249,32,0,2,1,8,1,0,0,0
588,2,2,179,51,38,264.249,31,0,0,0,2,0,0,0,1
589,2,3,225,26,28,264.249,24,0,1,2,3,0,0,0,1
590,2,3,179,51,38,264.249,31,0,0,0,2,0,0,0,1
591,2,3,179,26,30,264.249,19,1,0,0,2,0,0,0,1
592,2,4,225,15,41,264.249,28,1,2,2,2,0,0,0,1
593,2,4,179,51,38,264.249,31,0,0,0,2,0,0,0,1
594,2,0,233,51,31,264.249,21,1,1,8,2,0,0,1,0
595,2,0,179,51,38,264.249,31,0,0,0,2,0,0,0,1
596,2,1,225,26,28,264.249,24,0,1,2,8,1,0,0,0
597,2,2,179,51,38,264.249,31,0,0,0,3,0,0,0,1
598,2,3,179,51,38,264.249,31,0,0,0,3,0,0,0,1
599,2,3,225,26,28,264.249,24,0,1,2,3,0,0,0,1
600,2,3,179,26,30,264.249,19,1,0,0,2,1,0,0,0
601,2,4,179,22,40,264.249,22,1,2,0,2,0,0,0,1
602,2,4,179,51,38,264.249,31,0,0,0,3,0,0,0,1
603,2,2,233,51,31,264.249,21,1,1,8,3,1,0,0,0
604,2,2,179,26,30,264.249,19,1,0,0,2,0,0,0,1
605,2,2,179,51,38,264.249,31,0,0,0,2,0,0,0,1
606,2,3,179,51,38,264.249,31,0,0,0,8,1,0,0,0
607,2,4,179,51,38,264.249,31,0,0,0,2,0,0,0,1
608,2,0,155,12,34,264.249,25,0,2,0,5,0,0,0,1
609,2,0,235,16,32,264.249,25,1,0,0,3,0,0,0,1
610,2,0,179,51,38,264.249,31,0,0,0,2,0,0,0,1
611,2,0,225,26,28,264.249,24,0,1,2,2,1,0,0,0
612,2,1,179,51,38,264.249,31,0,0,0,2,0,0,0,1
613,2,1,248,25,47,264.249,32,0,2,1,2,0,0,0,1
614,2,1,225,26,28,264.249,24,0,1,2,2,0,0,0,1
615,2,2,179,51,38,264.249,31,0,0,0,2,0,0,0,1
616,2,3,179,51,38,264.249,31,0,0,0,2,0,0,0,1
617,2,4,235,16,32,264.249,25,1,0,0,2,0,0,0,1
618,3,0,179,51,38,222.196,31,0,0,0,2,0,0,0,1
619,3,0,248,25,47,222.196,32,0,2,1,2,0,0,0,1
620,3,1,228,14,58,222.196,22,0,2,1,3,0,0,0,1
621,3,1,248,25,47,222.196,32,0,2,1,3,0,0,0,1
622,3,1,228,14,58,222.196,22,0,2,1,112,1,0,0,0
623,3,2,179,51,38,222.196,31,0,0,0,2,0,0,0,1
624,3,3,225,26,28,222.196,24,0,1,2,2,0,0,0,1
625,3,3,179,51,38,222.196,31,0,0,0,3,0,0,0,1
626,3,3,225,26,28,222.196,24,0,1,2,2,0,0,0,1
627,3,4,179,26,30,222.196,19,1,0,0,3,0,0,0,1
628,3,0,235,16,32,222.196,25,1,0,0,3,0,0,0,1
629,3,0,361,52,28,222.196,27,0,1,4,8,0,0,1,0
630,3,1,179,51,38,222.196,31,0,0,0,8,1,0,0,0
631,3,2,179,51,38,222.196,31,0,0,0,2,0,0,0,1
632,3,3,179,51,38,222.196,31,0,0,0,3,0,0,0,1
633,3,4,179,26,30,222.196,19,1,0,0,2,0,0,0,1
634,3,0,179,51,38,222.196,31,0,0,0,4,1,0,0,0
635,3,0,248,25,47,222.196,32,0,2,1,2,1,0,0,0
636,3,0,179,51,38,222.196,31,0,0,0,3,0,0,0,1
637,3,0,225,26,28,222.196,24,0,1,2,8,1,0,0,0
638,3,1,179,51,38,222.196,31,0,0,0,2,0,0,0,1
639,3,2,289,36,33,222.196,30,0,2,1,8,0,0,0,1
640,3,2,228,14,58,222.196,22,0,2,1,2,0,0,0,1
641,3,2,179,51,38,222.196,31,0,0,0,2,0,0,0,1
642,3,3,248,25,47,222.196,32,0,2,1,3,0,0,0,1
643,3,3,179,51,38,222.196,31,0,0,0,3,0,0,0,1
644,3,4,179,26,30,222.196,19,1,0,0,2,0,0,0,1
645,3,4,179,51,38,222.196,31,0,0,0,3,0,0,0,1
646,3,1,179,51,38,222.196,31,0,0,0,3,0,0,0,1
647,3,2,118,15,46,222.196,25,0,2,0,8,0,0,0,1
648,3,2,155,12,34,222.196,25,0,2,0,24,1,0,0,0
649,3,2,179,51,38,222.196,31,0,0,0,3,0,0,0,1
650,3,3,179,51,38,222.196,31,0,0,0,3,0,0,0,1
651,3,0,179,26,30,222.196,19,1,0,0,2,1,0,0,0
652,3,0,289,36,33,222.196,30,0,2,1,104,0,0,1,0
653,3,2,369,17,31,222.196,25,0,3,0,8,0,0,0,1
654,4,0,225,26,28,246.28799999999998,24,0,1,2,8,1,0,0,0
655,4,0,118,10,37,246.28799999999998,28,0,0,0,8,1,0,0,0
656,4,1,361,52,28,246.28799999999998,27,0,1,4,8,0,0,1,0
657,4,2,248,25,47,246.28799999999998,32,0,2,1,8,0,0,1,0
658,4,3,189,29,33,246.28799999999998,25,0,2,2,8,1,0,0,0
659,4,4,179,26,30,246.28799999999998,19,1,0,0,2,0,0,0,1
660,4,0,369,17,31,246.28799999999998,25,0,3,0,24,1,0,0,0
661,4,1,179,22,40,246.28799999999998,22,1,2,0,2,0,1,0,0
662,4,1,118,13,50,246.28799999999998,31,0,1,0,3,0,0,0,1
663,4,1,361,52,28,246.28799999999998,27,0,1,4,2,0,0,0,1
664,4,2,118,10,37,246.28799999999998,28,0,0,0,2,1,0,0,0
665,4,4,235,11,37,246.28799999999998,29,1,1,1,8,0,0,0,1
666,4,4,179,26,30,246.28799999999998,19,1,0,0,2,0,0,0,1
667,4,0,225,26,28,246.28799999999998,24,0,1,2,8,0,0,1,0
668,4,1,235,16,32,246.28799999999998,25,1,0,0,3,0,1,0,0
669,4,4,179,26,30,246.28799999999998,19,1,0,0,2,0,0,0,1
670,4,1,155,12,34,246.28799999999998,25,0,2,0,4,0,0,0,1
671,4,3,225,26,28,246.28799999999998,24,0,1,2,8,0,0,1,0
672,4,3,118,13,50,246.28799999999998,31,0,1,0,2,1,0,0,0
673,4,4,179,26,30,246.28799999999998,19,1,0,0,2,0,0,0,1
674,5,0,235,11,37,237.65599999999998,29,1,1,1,8,0,0,0,1
675,5,2,225,15,41,237.65599999999998,28,1,2,2,3,0,0,1,0
676,5,2,235,16,32,237.65599999999998,25,1,0,0,2,0,0,0,1
677,5,2,118,10,37,237.65599999999998,28,0,0,0,3,1,0,0,0
678,5,2,235,20,43,237.65599999999998,38,0,1,0,8,0,0,0,1
679,5,3,179,26,30,237.65599999999998,19,1,0,0,1,1,0,0,0
680,5,3,291,31,40,237.65599999999998,25,0,1,1,2,0,0,0,1
681,5,3,225,15,41,237.65599999999998,28,1,2,2,8,1,0,0,0
682,5,4,300,26,43,237.65599999999998,25,0,2,1,64,0,0,1,0
683,5,4,225,15,41,237.65599999999998,28,1,2,2,8,0,0,0,1
684,5,4,179,26,30,237.65599999999998,19,1,0,0,2,0,0,0,1
685,5,0,118,13,50,237.65599999999998,31,0,1,0,2,0,0,0,1
686,5,1,118,13,50,237.65599999999998,31,0,1,0,3,1,0,0,0
687,5,1,118,10,37,237.65599999999998,28,0,0,0,1,0,0,0,1
688,5,1,118,13,50,237.65599999999998,31,0,1,0,0,0,0,0,0
689,5,2,179,26,30,237.65599999999998,19,1,0,0,2,0,0,0,1
690,5,2,378,49,36,237.65599999999998,21,0,2,4,0,0,0,0,0
691,5,4,179,22,40,237.65599999999998,22,1,2,0,1,0,1,0,0
692,5,0,155,12,34,237.65599999999998,25,0,2,0,48,1,0,0,0
693,5,0,235,16,32,237.65599999999998,25,1,0,0,8,1,0,0,0
694,5,2,291,31,40,237.65599999999998,25,0,1,1,8,0,0,0,1
695,5,2,179,22,40,237.65599999999998,22,1,2,0,8,1,0,0,0
696,5,2,225,26,28,237.65599999999998,24,0,1,2,3,1,0,0,0
697,5,3,330,16,28,237.65599999999998,25,1,0,0,8,1,0,0,0
698,5,3,235,16,32,237.65599999999998,25,1,0,0,2,0,0,0,1
699,5,3,291,31,40,237.65599999999998,25,0,1,1,2,0,0,0,1
